作業工程,大分類,中分類,小分類,グラフ項目
Ｎ完修(塗装),2トーン塗装,かぶり・差し込み,作業者要因,マスキング不良
Ｎ完修(塗装),2トーン塗装,かぶり・差し込み,是正,マスキング不良
Ｎ完修(塗装),2トーン塗装,マスキング剥がし忘れ,作業者要因,マスキング不良
Ｎ完修(塗装),2トーン塗装,マスキング剥がし忘れ,是正,マスキング不良
Ｎ完修(塗装),2トーン塗装,見切り位置ずれ,作業者要因,マスキング不良
Ｎ完修(塗装),2トーン塗装,見切り位置ずれ,治具要因,マスキング不良
Ｎ完修(塗装),2トーン塗装,見切り不良(波打ち・ガタツキ),作業者要因,マスキング不良
Ｎ完修(塗装),2トーン塗装,見切り不良(波打ち・ガタツキ),是正,マスキング不良
Ｎ完修(塗装),2トーン塗装,糊付着,拭き取り不足,マスキング不良
Ｎ完修(塗装),2トーン塗装,マスカー当たりキズ,作業者要因,キズ
Ｎ完修(塗装),2トーン塗装,マスカー当たりキズ,是正,キズ
Ｎ完修(塗装),アンダーコート（焼付）,キャップ不具合,欠品,その他
Ｎ完修(塗装),アンダーコート（焼付）,マスキングテープ付,剥がし忘れ,その他
Ｎ完修(塗装),アンダーコート（焼付）,付着,作業者要因,その他
Ｎ完修(塗装),アンダーコート（焼付）,付着,設備要因,その他
Ｎ完修(塗装),アンダーコート（焼付）,未塗布,設備要因,その他
Ｎ完修(塗装),アンダーコート（常温乾燥）,付着,設備要因,その他
Ｎ完修(塗装),サイレンサーシート,シートズレ,セット不良,その他
Ｎ完修(塗装),サイレンサーシート,シート欠品,作業忘れ,その他
Ｎ完修(塗装),サッシュ黒テープ,エア入り,作業者要因,テープ不良
Ｎ完修(塗装),サッシュ黒テープ,キズ,作業者要因,キズ
Ｎ完修(塗装),サッシュ黒テープ,ブツ,除去不良,テープ不良
Ｎ完修(塗装),サッシュ黒テープ,欠品（テープ）,作業者要因,テープ不良
Ｎ完修(塗装),サッシュ黒テープ,折り返し,作業者要因,テープ不良
Ｎ完修(塗装),サッシュ黒テープ,段差・位置ズレ,作業者要因,テープ不良
Ｎ完修(塗装),シーラー,さわり,作業者要因,シーラー不良・付着
Ｎ完修(塗装),シーラー,さわり,設備要因,シーラー不良・付着
Ｎ完修(塗装),シーラー,位置ずれ,作業者要因,シーラー不良・付着
Ｎ完修(塗装),シーラー,位置ずれ,設備要因,シーラー不良・付着
Ｎ完修(塗装),シーラー,形状不良,エア膨れ,シーラー不良・付着
Ｎ完修(塗装),シーラー,形状不良,作業者要因,シーラー不良・付着
Ｎ完修(塗装),シーラー,形状不良,仕上げ不良,シーラー不良・付着
Ｎ完修(塗装),シーラー,形状不良,触り,シーラー不良・付着
Ｎ完修(塗装),シーラー,形状不良,設備要因,シーラー不良・付着
Ｎ完修(塗装),シーラー,仕上げ不良,是正,シーラー不良・付着
Ｎ完修(塗装),シーラー,仕上げ不良,設備要因,シーラー不良・付着
Ｎ完修(塗装),シーラー,水漏れ,作業者要因,水漏れ
Ｎ完修(塗装),シーラー,切れ・穴,作業者要因,シーラー不良・付着
Ｎ完修(塗装),シーラー,切れ・穴,是正,シーラー不良・付着
Ｎ完修(塗装),シーラー,切れ・穴,設備要因,シーラー不良・付着
Ｎ完修(塗装),シーラー,付着,作業者要因,シーラー不良・付着
Ｎ完修(塗装),シーラー,付着,是正,シーラー不良・付着
Ｎ完修(塗装),シーラー,付着,設備要因,シーラー不良・付着
Ｎ完修(塗装),シーラー,膨れ,エア膨れ,シーラー不良・付着
Ｎ完修(塗装),シーラー,膨れ,作業者要因,シーラー不良・付着
Ｎ完修(塗装),シーラー,膨れ,是正,シーラー不良・付着
Ｎ完修(塗装),シーラー,膨れ,設備要因,シーラー不良・付着
Ｎ完修(塗装),シーラー,未塗布,作業者要因,シーラー不良・付着
Ｎ完修(塗装),シーラー,未塗布,設備要因,シーラー不良・付着
Ｎ完修(塗装),ドレンキャップ取付け,取付け不良,ズレ・外れ,その他
Ｎ完修(塗装),ドレンキャップ取付け,取付け不良,欠品,その他
Ｎ完修(塗装),ホイールハウス黒塗装,かぶり,設備異常,その他
Ｎ完修(塗装),ホイールハウス黒塗装,かぶり,設備要因,その他
Ｎ完修(塗装),ルーフモールクリップ取付,位置ずれ,作業要因,その他
Ｎ完修(塗装),ルーフモールクリップ取付,欠品,作業忘れ,その他
Ｎ完修(塗装),完成課,組付けキズ,完成課責任,-
Ｎ完修(塗装),完成課,組付け凹凸,完成課責任,-
Ｎ完修(塗装),検査・修正,かぶり,作業者要因,修正
Ｎ完修(塗装),検査・修正,キズ,作業者要因,キズ
Ｎ完修(塗装),検査・修正,コンパウンドﾞ付,作業者要因,修正
Ｎ完修(塗装),検査・修正,テープorストロー付,作業者要因,修正
Ｎ完修(塗装),検査・修正,ブツ除去不足,作業者要因,修正
Ｎ完修(塗装),検査・修正,ポリッシング忘れ・不足,作業者要因,修正
Ｎ完修(塗装),検査・修正,凹凸,作業者要因,修正
Ｎ完修(塗装),検査・修正,見逃し・修正忘れ,作業者要因,修正
Ｎ完修(塗装),検査・修正,治具キズ,作業者要因,修正
Ｎ完修(塗装),検査・修正,焼付け不良,オーバーベイク,修正
Ｎ完修(塗装),検査・修正,焼付け不良,焼き甘,修正
Ｎ完修(塗装),検査・修正,色目違い,作業者要因,修正
Ｎ完修(塗装),検査・修正,白ボケ,作業者要因,修正
Ｎ完修(塗装),検査・修正,磨きスケ,作業者要因,修正
Ｎ完修(塗装),車体課,バリorスパッタ,スパッタ,その他
Ｎ完修(塗装),車体課,ヘミング不良,車体課・プレス責任,その他
Ｎ完修(塗装),車体課,凹凸,ゴミ押し凹,凹凸
Ｎ完修(塗装),車体課,凹凸,特定できず,凹凸
Ｎ完修(塗装),修正,かぶり,作業者要因,修正
Ｎ完修(塗装),修正,キズ,作業者要因,キズ
Ｎ完修(塗装),修正,コンパウンド焼付,作業者要因,修正
Ｎ完修(塗装),修正,コンパウンド付,作業者要因,修正
Ｎ完修(塗装),修正,テープorストロー付,作業者要因,修正
Ｎ完修(塗装),修正,バフ不足,作業者要因,修正
Ｎ完修(塗装),修正,バフ粉,作業者要因,修正
Ｎ完修(塗装),修正,バフ粉,是正,修正
Ｎ完修(塗装),修正,バフ忘れ,作業者要因,修正
Ｎ完修(塗装),修正,ブツ除去不足,作業者要因,修正
Ｎ完修(塗装),修正,ラッカー修正不良,作業者要因,修正
Ｎ完修(塗装),修正,凹凸,作業者要因,修正
Ｎ完修(塗装),修正,治具キズ,作業者要因,キズ
Ｎ完修(塗装),修正,修正忘れ,作業者要因,修正
Ｎ完修(塗装),修正,焼付け不良,オーバーベイク,修正
Ｎ完修(塗装),修正,焼付け不良,仕上げ不良,修正
Ｎ完修(塗装),修正,焼付け不良,焼き甘,修正
Ｎ完修(塗装),修正,色目違い,作業者要因,修正
Ｎ完修(塗装),修正,水跡,作業者要因,修正
Ｎ完修(塗装),修正,白ボケ,作業者要因,修正
Ｎ完修(塗装),修正,部品交換不良,作業者要因,修正
Ｎ完修(塗装),修正,磨きスケ,作業者要因,修正
Ｎ完修(塗装),上塗り,IDラベル不具合,ブツ,上塗ブツ
Ｎ完修(塗装),上塗り,かぶり,作業者要因,上塗ブツ
Ｎ完修(塗装),上塗り,かぶり,是正,上塗ブツ
Ｎ完修(塗装),上塗り,かぶり,設備要因,上塗ブツ
Ｎ完修(塗装),上塗り,キズ,作業者要因,キズ
Ｎ完修(塗装),上塗り,ケバ,作業者要因,上塗ブツ
Ｎ完修(塗装),上塗り,ケバ,設備要因,上塗ブツ
Ｎ完修(塗装),上塗り,ケバ,特定できず,上塗ブツ
Ｎ完修(塗装),上塗り,スジ,拭きスジ,その他
Ｎ完修(塗装),上塗り,スジ,設備要因,その他
Ｎ完修(塗装),上塗り,タマリ,作業者要因,タレ
Ｎ完修(塗装),上塗り,タマリ,是正,タレ
Ｎ完修(塗装),上塗り,タマリ,設備異常,タレ
Ｎ完修(塗装),上塗り,タマリ,設備要因,タレ
Ｎ完修(塗装),上塗り,タレ,作業者要因,タレ
Ｎ完修(塗装),上塗り,タレ,是正,タレ
Ｎ完修(塗装),上塗り,タレ,設備異常,タレ
Ｎ完修(塗装),上塗り,タレ,設備要因,タレ
Ｎ完修(塗装),上塗り,ハジキ,作業者要因,ハジキ
Ｎ完修(塗装),上塗り,ハジキ,是正,ハジキ
Ｎ完修(塗装),上塗り,ハジキ,設備異常,ハジキ
Ｎ完修(塗装),上塗り,ハジキ,設備要因,ハジキ
Ｎ完修(塗装),上塗り,ハジキ,特定できず,ハジキ
Ｎ完修(塗装),上塗り,ブツ,ケバ,上塗ブツ
Ｎ完修(塗装),上塗り,ブツ,異物,上塗ブツ
Ｎ完修(塗装),上塗り,ブツ,異物(虫、ワイプ羽等),上塗ブツ
Ｎ完修(塗装),上塗り,ブツ,是正,上塗ブツ
Ｎ完修(塗装),上塗り,ブツ,設備異常,上塗ブツ
Ｎ完修(塗装),上塗り,ブツ,設備要因,上塗ブツ
Ｎ完修(塗装),上塗り,ブツ,塗料カス,上塗ブツ
Ｎ完修(塗装),上塗り,ブツ,特定できず,上塗ブツ
Ｎ完修(塗装),上塗り,ワキ,作業者要因,上塗ブツ
Ｎ完修(塗装),上塗り,ワキ,是正,上塗ブツ
Ｎ完修(塗装),上塗り,ワキ,設備異常,上塗ブツ
Ｎ完修(塗装),上塗り,ワキ,設備要因,上塗ブツ
Ｎ完修(塗装),上塗り,黒ブツ,ケバ,上塗ブツ
Ｎ完修(塗装),上塗り,黒ブツ,異物(虫、ワイプ羽等),上塗ブツ
Ｎ完修(塗装),上塗り,黒ブツ,是正,上塗ブツ
Ｎ完修(塗装),上塗り,黒ブツ,設備要因,上塗ブツ
Ｎ完修(塗装),上塗り,黒ブツ,塗料カス,上塗ブツ
Ｎ完修(塗装),上塗り,黒ブツ,特定できず,上塗ブツ
Ｎ完修(塗装),上塗り,色とび・シンナーとび,作業者要因,トビ
Ｎ完修(塗装),上塗り,色とび・シンナーとび,是正,トビ
Ｎ完修(塗装),上塗り,色とび・シンナーとび,設備異常,トビ
Ｎ完修(塗装),上塗り,色とび・シンナーとび,設備要因,トビ
Ｎ完修(塗装),上塗り,色ムラ,作業者要因,その他
Ｎ完修(塗装),上塗り,色ムラ,是正,その他
Ｎ完修(塗装),上塗り,色ムラ,設備異常,その他
Ｎ完修(塗装),上塗り,色ムラ,設備要因,その他
Ｎ完修(塗装),上塗り,色間違い,作業者要因,その他
Ｎ完修(塗装),上塗り,色間違い,設備要因,その他
Ｎ完修(塗装),上塗り,色差ずれ,設備異常,その他
Ｎ完修(塗装),上塗り,色差ずれ,設備要因,その他
Ｎ完修(塗装),上塗り,虫付き,特定できず,上塗ブツ
Ｎ完修(塗装),上塗り,塗り不足,作業者要因,塗不足
Ｎ完修(塗装),上塗り,塗り不足,是正,塗不足
Ｎ完修(塗装),上塗り,塗り不足,設備異常,塗不足
Ｎ完修(塗装),上塗り,塗り不足,設備要因,塗不足
Ｎ完修(塗装),上塗り,塗膜ズレ、ベーパーウォッシュ,特定できず,その他
Ｎ完修(塗装),上塗り,塗料カス,設備要因,上塗ブツ
Ｎ完修(塗装),上塗り,塗料カス,特定できず,上塗ブツ
Ｎ完修(塗装),上塗り,肌荒れ,作業者要因,その他
Ｎ完修(塗装),上塗り,肌荒れ,是正,その他
Ｎ完修(塗装),上塗り,肌荒れ,設備異常,その他
Ｎ完修(塗装),上塗り,肌荒れ,設備要因,その他
Ｎ完修(塗装),前処理・電着,２次タレ,見逃し,電着2次タレ
Ｎ完修(塗装),前処理・電着,コンタミ,設備異常,その他
Ｎ完修(塗装),前処理・電着,スジ・模様,特定できず,その他
Ｎ完修(塗装),前処理・電着,タマリ,見逃し,その他
Ｎ完修(塗装),前処理・電着,タマリ,設備異常,その他
Ｎ完修(塗装),前処理・電着,ブツ,異物混入,下塗ブツ
Ｎ完修(塗装),前処理・電着,ブツ,沈殿物・凝集物,下塗ブツ
Ｎ完修(塗装),前処理・電着,ブツ,鉄紛,鉄粉外・内
Ｎ完修(塗装),前処理・電着,ブツ,特定できず,下塗ブツ
Ｎ完修(塗装),前処理・電着,異物・カス,特定できず,下塗ブツ
Ｎ完修(塗装),前処理・電着,水跡（ウォーターマーク）,設備異常,その他
Ｎ完修(塗装),前処理・電着,鉄粉,設備異常,鉄粉外・内
Ｎ完修(塗装),前処理・電着,塗膜凝集,設備異常,その他
Ｎ完修(塗装),前処理・電着,肌荒れ、ざらつき,設備異常,その他
Ｎ完修(塗装),送付,治具キズ・取付け外し忘れ,作業者要因,キズ
Ｎ完修(塗装),送付,治具キズ・取付け外し忘れ,是正,キズ
Ｎ完修(塗装),送付,部品取付不良（キズ含む）,作業者要因,その他
Ｎ完修(塗装),中塗り,タマリ,設備要因,中塗タレ
Ｎ完修(塗装),中塗り,タレ,作業者要因,中塗タレ
Ｎ完修(塗装),中塗り,タレ,設備異常,中塗タレ
Ｎ完修(塗装),中塗り,タレ,設備要因,中塗タレ
Ｎ完修(塗装),中塗り,ハジキ,設備要因,ハジキ
Ｎ完修(塗装),中塗り,ブツ,設備要因,下塗ブツ
Ｎ完修(塗装),中塗り,ブツ,特定できず,下塗ブツ
Ｎ完修(塗装),中塗り,ワキ,設備要因,下塗ブツ
Ｎ完修(塗装),中塗り,色とび・シンナーとび,作業者要因,トビ
Ｎ完修(塗装),中塗り,色とび・シンナーとび,設備要因,トビ
Ｎ完修(塗装),中塗り,塗り不足,作業者要因,塗不足
Ｎ完修(塗装),中塗り修正,ハジキ,特定できず,ハジキ
Ｎ完修(塗装),中塗り修正,ブツ,研ぎカス,研ぎカス
Ｎ完修(塗装),中塗り修正,ブツ,拭き取り不足,下塗ブツ
Ｎ完修(塗装),中塗り修正,ブツ,特定できず,下塗ブツ
Ｎ完修(塗装),中塗り修正,下地不良,研ぎスケ,研ぎスケ
Ｎ完修(塗装),中塗り修正,下地不良,研ぎ凹,研ぎ不良
Ｎ完修(塗装),中塗り修正,下地不良,研ぎ不良,研ぎ不良
Ｎ完修(塗装),中塗り修正,研ぎカス/粉,作業者要因,研ぎカス
Ｎ完修(塗装),中塗り修正,研ぎ不良,作業者要因,研ぎ不良
Ｎ完修(塗装),電着修正,ウォーターマーク,見逃し,その他
Ｎ完修(塗装),電着修正,ブツ,研ぎカス,研ぎカス
Ｎ完修(塗装),電着修正,ブツ,拭き取り不足,下塗ブツ
Ｎ完修(塗装),電着修正,ブツ,鉄紛,鉄粉外・内
Ｎ完修(塗装),電着修正,ブツ,特定できず,下塗ブツ
Ｎ完修(塗装),電着修正,リテーナー外れ,作業者要因,その他
Ｎ完修(塗装),電着修正,リテーナー外れ,治具要因,その他
Ｎ完修(塗装),電着修正,下地不良,研ぎスケ,研ぎスケ
Ｎ完修(塗装),電着修正,下地不良,研ぎ凹,研ぎ不良
Ｎ完修(塗装),電着修正,下地不良,研ぎ跡,研ぎ不良
Ｎ完修(塗装),電着修正,下地不良,研ぎ不良,研ぎ不良
Ｎ完修(塗装),電着修正,下地不良,特定できず,下地不良
Ｎ完修(塗装),電着修正,研ぎカス/粉,作業者要因,研ぎカス
Ｎ完修(塗装),電着修正,研ぎスケ,作業者要因,研ぎスケ
Ｎ完修(塗装),電着修正,研ぎ凹,作業者要因,研ぎ不良
Ｎ完修(塗装),電着修正,研ぎ汁,作業者要因,研ぎ汁
Ｎ完修(塗装),電着修正,研ぎ不良,作業者要因,研ぎ不良
Ｎ完修(塗装),電着修正,研ぎ不良,是正,研ぎ不良
Ｎ完修(塗装),電着修正,電着２次タレ,研ぎ跡,研ぎ不良
Ｎ完修(塗装),電着修正,電着２次タレ,研ぎ不足,研ぎ不良
Ｎ完修(塗装),電着修正,電着２次タレ,見逃し,電着2次タレ
Ｎ完修(塗装),入れ込み,凹凸、キズ,治具当たり,キズ
Ｎ完修(塗装),入れ込み,凹凸、キズ,治具当たり,当りキズ
Nトラッカー修正,2トーン塗装,かぶり・差し込み,作業者要因,マスキング不良
Nトラッカー修正,2トーン塗装,かぶり・差し込み,是正,マスキング不良
Nトラッカー修正,2トーン塗装,マスキング剥がし忘れ,作業者要因,マスキング不良
Nトラッカー修正,2トーン塗装,マスキング剥がし忘れ,是正,マスキング不良
Nトラッカー修正,2トーン塗装,見切り位置ずれ,作業者要因,マスキング不良
Nトラッカー修正,2トーン塗装,見切り位置ずれ,治具要因,マスキング不良
Nトラッカー修正,2トーン塗装,見切り不良(波打ち・ガタツキ),作業者要因,マスキング不良
Nトラッカー修正,2トーン塗装,見切り不良(波打ち・ガタツキ),是正,マスキング不良
Nトラッカー修正,2トーン塗装,糊付着,拭き取り不足,マスキング不良
Nトラッカー修正,2トーン塗装,マスカー当たりキズ,作業者要因,当りキズ
Nトラッカー修正,2トーン塗装,マスカー当たりキズ,是正,当りキズ
Nトラッカー修正,アンダーコート（焼付）,キャップ不具合,欠品,その他
Nトラッカー修正,アンダーコート（焼付）,マスキングテープ付,剥がし忘れ,マスキング不良
Nトラッカー修正,アンダーコート（焼付）,付着,作業者要因,その他
Nトラッカー修正,アンダーコート（焼付）,付着,設備要因,その他
Nトラッカー修正,アンダーコート（焼付）,未塗布,設備要因,その他
Nトラッカー修正,アンダーコート（常温乾燥）,付着,設備要因,その他
Nトラッカー修正,サイレンサーシート,シートズレ,セット不良,その他
Nトラッカー修正,サイレンサーシート,シート欠品,作業忘れ,その他
Nトラッカー修正,サッシュ黒テープ,エア入り,作業者要因,テープ不良
Nトラッカー修正,サッシュ黒テープ,キズ,作業者要因,当りキズ
Nトラッカー修正,サッシュ黒テープ,ブツ,除去不良,テープ不良
Nトラッカー修正,サッシュ黒テープ,欠品（テープ）,作業者要因,テープ不良
Nトラッカー修正,サッシュ黒テープ,折り返し,作業者要因,テープ不良
Nトラッカー修正,サッシュ黒テープ,段差・位置ズレ,作業者要因,テープ不良
Nトラッカー修正,シーラー,さわり,作業者要因,シーラー不良・付着
Nトラッカー修正,シーラー,さわり,設備要因,シーラー不良・付着
Nトラッカー修正,シーラー,位置ずれ,作業者要因,シーラー不良・付着
Nトラッカー修正,シーラー,位置ずれ,設備要因,シーラー不良・付着
Nトラッカー修正,シーラー,形状不良,エア膨れ,シーラー不良・付着
Nトラッカー修正,シーラー,形状不良,作業者要因,シーラー不良・付着
Nトラッカー修正,シーラー,形状不良,仕上げ不良,シーラー不良・付着
Nトラッカー修正,シーラー,形状不良,触り,シーラー不良・付着
Nトラッカー修正,シーラー,形状不良,設備要因,シーラー不良・付着
Nトラッカー修正,シーラー,仕上げ不良,是正,シーラー不良・付着
Nトラッカー修正,シーラー,仕上げ不良,設備要因,シーラー不良・付着
Nトラッカー修正,シーラー,水漏れ,作業者要因,シーラー不良・付着
Nトラッカー修正,シーラー,切れ・穴,作業者要因,シーラー不良・付着
Nトラッカー修正,シーラー,切れ・穴,是正,シーラー不良・付着
Nトラッカー修正,シーラー,切れ・穴,設備要因,シーラー不良・付着
Nトラッカー修正,シーラー,付着,作業者要因,シーラー不良・付着
Nトラッカー修正,シーラー,付着,是正,シーラー不良・付着
Nトラッカー修正,シーラー,付着,設備要因,シーラー不良・付着
Nトラッカー修正,シーラー,膨れ,エア膨れ,シーラー不良・付着
Nトラッカー修正,シーラー,膨れ,作業者要因,シーラー不良・付着
Nトラッカー修正,シーラー,膨れ,是正,シーラー不良・付着
Nトラッカー修正,シーラー,膨れ,設備要因,シーラー不良・付着
Nトラッカー修正,シーラー,未塗布,作業者要因,シーラー不良・付着
Nトラッカー修正,シーラー,未塗布,設備要因,シーラー不良・付着
Nトラッカー修正,ドレンキャップ取付け,取付け不良,ズレ・外れ,その他
Nトラッカー修正,ドレンキャップ取付け,取付け不良,欠品,その他
Nトラッカー修正,ホイールハウス黒塗装,かぶり,設備異常,その他
Nトラッカー修正,ホイールハウス黒塗装,かぶり,設備要因,その他
Nトラッカー修正,ルーフモールクリップ取付,位置ずれ,作業要因,クリップ不良
Nトラッカー修正,ルーフモールクリップ取付,欠品,作業忘れ,クリップ不良
Nトラッカー修正,完成課,組付けキズ,完成課責任,-
Nトラッカー修正,完成課,組付け凹凸,完成課責任,-
Nトラッカー修正,検査・修正,かぶり,作業者要因,その他
Nトラッカー修正,検査・修正,キズ,作業者要因,当りキズ
Nトラッカー修正,検査・修正,コンパウンドﾞ付,作業者要因,その他
Nトラッカー修正,検査・修正,テープorストロー付,作業者要因,その他
Nトラッカー修正,検査・修正,ブツ除去不足,作業者要因,その他
Nトラッカー修正,検査・修正,ポリッシング忘れ・不足,作業者要因,その他
Nトラッカー修正,検査・修正,凹凸,作業者要因,その他
Nトラッカー修正,検査・修正,見逃し・修正忘れ,作業者要因,その他
Nトラッカー修正,検査・修正,治具キズ,作業者要因,当りキズ
Nトラッカー修正,検査・修正,焼付け不良,オーバーベイク,その他
Nトラッカー修正,検査・修正,焼付け不良,焼き甘,その他
Nトラッカー修正,検査・修正,色目違い,作業者要因,その他
Nトラッカー修正,検査・修正,白ボケ,作業者要因,その他
Nトラッカー修正,検査・修正,磨きスケ,作業者要因,その他
Nトラッカー修正,車体課,バリorスパッタ,スパッタ,その他
Nトラッカー修正,車体課,ヘミング不良,車体課・プレス責任,その他
Nトラッカー修正,車体課,凹凸,ゴミ押し凹,その他
Nトラッカー修正,車体課,凹凸,特定できず,その他
Nトラッカー修正,修正,かぶり,作業者要因,その他
Nトラッカー修正,修正,キズ,作業者要因,当りキズ
Nトラッカー修正,修正,コンパウンド焼付,作業者要因,その他
Nトラッカー修正,修正,コンパウンド付,作業者要因,その他
Nトラッカー修正,修正,テープorストロー付,作業者要因,その他
Nトラッカー修正,修正,バフ不足,作業者要因,その他
Nトラッカー修正,修正,バフ粉,作業者要因,その他
Nトラッカー修正,修正,バフ粉,是正,その他
Nトラッカー修正,修正,バフ忘れ,作業者要因,その他
Nトラッカー修正,修正,ブツ除去不足,作業者要因,その他
Nトラッカー修正,修正,ラッカー修正不良,作業者要因,その他
Nトラッカー修正,修正,凹凸,作業者要因,その他
Nトラッカー修正,修正,治具キズ,作業者要因,当りキズ
Nトラッカー修正,修正,修正忘れ,作業者要因,その他
Nトラッカー修正,修正,焼付け不良,オーバーベイク,その他
Nトラッカー修正,修正,焼付け不良,仕上げ不良,その他
Nトラッカー修正,修正,焼付け不良,焼き甘,その他
Nトラッカー修正,修正,色目違い,作業者要因,その他
Nトラッカー修正,修正,水跡,作業者要因,その他
Nトラッカー修正,修正,白ボケ,作業者要因,その他
Nトラッカー修正,修正,部品交換不良,作業者要因,その他
Nトラッカー修正,修正,磨きスケ,作業者要因,その他
Nトラッカー修正,上塗り,IDラベル不具合,ブツ,上塗ブツ
Nトラッカー修正,上塗り,かぶり,作業者要因,上塗ブツ
Nトラッカー修正,上塗り,かぶり,是正,上塗ブツ
Nトラッカー修正,上塗り,かぶり,設備要因,上塗ブツ
Nトラッカー修正,上塗り,キズ,作業者要因,当りキズ
Nトラッカー修正,上塗り,ケバ,作業者要因,上塗ブツ
Nトラッカー修正,上塗り,ケバ,設備要因,上塗ブツ
Nトラッカー修正,上塗り,ケバ,特定できず,上塗ブツ
Nトラッカー修正,上塗り,スジ,拭きスジ,その他
Nトラッカー修正,上塗り,スジ,設備要因,その他
Nトラッカー修正,上塗り,タマリ,作業者要因,タレ
Nトラッカー修正,上塗り,タマリ,是正,タレ
Nトラッカー修正,上塗り,タマリ,設備異常,タレ
Nトラッカー修正,上塗り,タマリ,設備要因,タレ
Nトラッカー修正,上塗り,タレ,作業者要因,タレ
Nトラッカー修正,上塗り,タレ,是正,タレ
Nトラッカー修正,上塗り,タレ,設備異常,タレ
Nトラッカー修正,上塗り,タレ,設備要因,タレ
Nトラッカー修正,上塗り,ハジキ,作業者要因,ハジキ
Nトラッカー修正,上塗り,ハジキ,是正,ハジキ
Nトラッカー修正,上塗り,ハジキ,設備異常,ハジキ
Nトラッカー修正,上塗り,ハジキ,設備要因,ハジキ
Nトラッカー修正,上塗り,ハジキ,特定できず,ハジキ
Nトラッカー修正,上塗り,ブツ,ケバ,上塗ブツ
Nトラッカー修正,上塗り,ブツ,異物,上塗ブツ
Nトラッカー修正,上塗り,ブツ,異物(虫、ワイプ羽等),上塗ブツ
Nトラッカー修正,上塗り,ブツ,是正,上塗ブツ
Nトラッカー修正,上塗り,ブツ,設備異常,上塗ブツ
Nトラッカー修正,上塗り,ブツ,設備要因,上塗ブツ
Nトラッカー修正,上塗り,ブツ,塗料カス,上塗ブツ
Nトラッカー修正,上塗り,ブツ,特定できず,上塗ブツ
Nトラッカー修正,上塗り,ワキ,作業者要因,ワキ
Nトラッカー修正,上塗り,ワキ,是正,ワキ
Nトラッカー修正,上塗り,ワキ,設備異常,ワキ
Nトラッカー修正,上塗り,ワキ,設備要因,ワキ
Nトラッカー修正,上塗り,黒ブツ,ケバ,上塗ブツ
Nトラッカー修正,上塗り,黒ブツ,異物(虫、ワイプ羽等),上塗ブツ
Nトラッカー修正,上塗り,黒ブツ,是正,上塗ブツ
Nトラッカー修正,上塗り,黒ブツ,設備要因,上塗ブツ
Nトラッカー修正,上塗り,黒ブツ,塗料カス,上塗ブツ
Nトラッカー修正,上塗り,黒ブツ,特定できず,上塗ブツ
Nトラッカー修正,上塗り,色とび・シンナーとび,作業者要因,トビ
Nトラッカー修正,上塗り,色とび・シンナーとび,是正,トビ
Nトラッカー修正,上塗り,色とび・シンナーとび,設備異常,トビ
Nトラッカー修正,上塗り,色とび・シンナーとび,設備要因,トビ
Nトラッカー修正,上塗り,色ムラ,作業者要因,色ムラ
Nトラッカー修正,上塗り,色ムラ,是正,色ムラ
Nトラッカー修正,上塗り,色ムラ,設備異常,色ムラ
Nトラッカー修正,上塗り,色ムラ,設備要因,色ムラ
Nトラッカー修正,上塗り,色間違い,作業者要因,その他
Nトラッカー修正,上塗り,色間違い,設備要因,その他
Nトラッカー修正,上塗り,色差ずれ,設備異常,その他
Nトラッカー修正,上塗り,色差ずれ,設備要因,その他
Nトラッカー修正,上塗り,虫付き,特定できず,上塗ブツ
Nトラッカー修正,上塗り,塗り不足,作業者要因,塗不足
Nトラッカー修正,上塗り,塗り不足,是正,塗不足
Nトラッカー修正,上塗り,塗り不足,設備異常,塗不足
Nトラッカー修正,上塗り,塗り不足,設備要因,塗不足
Nトラッカー修正,上塗り,塗膜ズレ、ベーパーウォッシュ,特定できず,その他
Nトラッカー修正,上塗り,塗料カス,設備要因,塗料カス
Nトラッカー修正,上塗り,塗料カス,特定できず,塗料カス
Nトラッカー修正,上塗り,肌荒れ,作業者要因,その他
Nトラッカー修正,上塗り,肌荒れ,是正,その他
Nトラッカー修正,上塗り,肌荒れ,設備異常,その他
Nトラッカー修正,上塗り,肌荒れ,設備要因,その他
Nトラッカー修正,前処理・電着,２次タレ,見逃し,電着2次タレ
Nトラッカー修正,前処理・電着,コンタミ,設備異常,電着不良
Nトラッカー修正,前処理・電着,スジ・模様,特定できず,電着不良
Nトラッカー修正,前処理・電着,タマリ,見逃し,電着不良
Nトラッカー修正,前処理・電着,タマリ,設備異常,電着不良
Nトラッカー修正,前処理・電着,ブツ,異物混入,電着ブツ
Nトラッカー修正,前処理・電着,ブツ,沈殿物・凝集物,電着ブツ
Nトラッカー修正,前処理・電着,ブツ,鉄紛,電着ブツ
Nトラッカー修正,前処理・電着,ブツ,特定できず,電着ブツ
Nトラッカー修正,前処理・電着,異物・カス,特定できず,電着ブツ
Nトラッカー修正,前処理・電着,水跡（ウォーターマーク）,設備異常,電着不良
Nトラッカー修正,前処理・電着,鉄粉,設備異常,鉄粉付着
Nトラッカー修正,前処理・電着,塗膜凝集,設備異常,電着不良
Nトラッカー修正,前処理・電着,肌荒れ、ざらつき,設備異常,電着不良
Nトラッカー修正,送付,治具キズ・取付け外し忘れ,作業者要因,当りキズ
Nトラッカー修正,送付,治具キズ・取付け外し忘れ,是正,当りキズ
Nトラッカー修正,送付,部品取付不良（キズ含む）,作業者要因,その他
Nトラッカー修正,中塗り,タマリ,設備要因,内タレ
Nトラッカー修正,中塗り,タレ,作業者要因,内タレ
Nトラッカー修正,中塗り,タレ,設備異常,内タレ
Nトラッカー修正,中塗り,タレ,設備要因,内タレ
Nトラッカー修正,中塗り,ハジキ,設備要因,ハジキ
Nトラッカー修正,中塗り,ブツ,設備要因,内ブツ
Nトラッカー修正,中塗り,ブツ,特定できず,内ブツ
Nトラッカー修正,中塗り,ワキ,設備要因,ワキ
Nトラッカー修正,中塗り,色とび・シンナーとび,作業者要因,トビ
Nトラッカー修正,中塗り,色とび・シンナーとび,設備要因,トビ
Nトラッカー修正,中塗り,塗り不足,作業者要因,塗不足
Nトラッカー修正,中塗り修正,ハジキ,特定できず,ハジキ
Nトラッカー修正,中塗り修正,ブツ,研ぎカス,研ぎカス/粉
Nトラッカー修正,中塗り修正,ブツ,拭き取り不足,内ブツ
Nトラッカー修正,中塗り修正,ブツ,特定できず,内ブツ
Nトラッカー修正,中塗り修正,下地不良,研ぎスケ,研ぎスケ
Nトラッカー修正,中塗り修正,下地不良,研ぎ凹,下地/研ぎ不良
Nトラッカー修正,中塗り修正,下地不良,研ぎ不良,下地/研ぎ不良
Nトラッカー修正,中塗り修正,研ぎカス/粉,作業者要因,研ぎカス/粉
Nトラッカー修正,中塗り修正,研ぎ不良,作業者要因,下地/研ぎ不良
Nトラッカー修正,電着修正,ウォーターマーク,見逃し,電着不良
Nトラッカー修正,電着修正,ブツ,研ぎカス,研ぎカス/粉
Nトラッカー修正,電着修正,ブツ,拭き取り不足,電着ブツ
Nトラッカー修正,電着修正,ブツ,鉄紛,鉄粉付着
Nトラッカー修正,電着修正,ブツ,特定できず,電着ブツ
Nトラッカー修正,電着修正,リテーナー外れ,作業者要因,その他
Nトラッカー修正,電着修正,リテーナー外れ,治具要因,その他
Nトラッカー修正,電着修正,下地不良,研ぎスケ,研ぎスケ
Nトラッカー修正,電着修正,下地不良,研ぎ凹,下地/研ぎ不良
Nトラッカー修正,電着修正,下地不良,研ぎ跡,下地/研ぎ不良
Nトラッカー修正,電着修正,下地不良,研ぎ不良,下地/研ぎ不良
Nトラッカー修正,電着修正,下地不良,特定できず,下地/研ぎ不良
Nトラッカー修正,電着修正,研ぎカス/粉,作業者要因,研ぎカス/粉
Nトラッカー修正,電着修正,研ぎスケ,作業者要因,研ぎスケ
Nトラッカー修正,電着修正,研ぎ凹,作業者要因,下地/研ぎ不良
Nトラッカー修正,電着修正,研ぎ汁,作業者要因,研ぎ汁
Nトラッカー修正,電着修正,研ぎ不良,作業者要因,下地/研ぎ不良
Nトラッカー修正,電着修正,研ぎ不良,是正,下地/研ぎ不良
Nトラッカー修正,電着修正,電着２次タレ,研ぎ跡,下地/研ぎ不良
Nトラッカー修正,電着修正,電着２次タレ,研ぎ不足,下地/研ぎ不良
Nトラッカー修正,電着修正,電着２次タレ,見逃し,電着2次タレ
Nトラッカー修正,入れ込み,凹凸、キズ,治具当たり,当りキズ
Nトラッカー修正,入れ込み,凹凸、キズ,治具当たり,当りキズ
Nト焼付修正,2トーン塗装,かぶり・差し込み,作業者要因,マスキング不良
Nト焼付修正,2トーン塗装,かぶり・差し込み,是正,マスキング不良
Nト焼付修正,2トーン塗装,マスキング剥がし忘れ,作業者要因,マスキング不良
Nト焼付修正,2トーン塗装,マスキング剥がし忘れ,是正,マスキング不良
Nト焼付修正,2トーン塗装,見切り位置ずれ,作業者要因,マスキング不良
Nト焼付修正,2トーン塗装,見切り位置ずれ,治具要因,マスキング不良
Nト焼付修正,2トーン塗装,見切り不良(波打ち・ガタツキ),作業者要因,マスキング不良
Nト焼付修正,2トーン塗装,見切り不良(波打ち・ガタツキ),是正,マスキング不良
Nト焼付修正,2トーン塗装,糊付着,拭き取り不足,マスキング不良
Nト焼付修正,2トーン塗装,マスカー当たりキズ,作業者要因,キズ （触り・当り）
Nト焼付修正,2トーン塗装,マスカー当たりキズ,是正,キズ （触り・当り）
Nト焼付修正,アンダーコート（焼付）,キャップ不具合,欠品,その他
Nト焼付修正,アンダーコート（焼付）,マスキングテープ付,剥がし忘れ,その他
Nト焼付修正,アンダーコート（焼付）,付着,作業者要因,その他
Nト焼付修正,アンダーコート（焼付）,付着,設備要因,その他
Nト焼付修正,アンダーコート（焼付）,未塗布,設備要因,その他
Nト焼付修正,アンダーコート（常温乾燥）,付着,設備要因,その他
Nト焼付修正,サイレンサーシート,シートズレ,セット不良,その他
Nト焼付修正,サイレンサーシート,シート欠品,作業忘れ,その他
Nト焼付修正,サッシュ黒テープ,エア入り,作業者要因,その他
Nト焼付修正,サッシュ黒テープ,キズ,作業者要因,キズ （触り・当り）
Nト焼付修正,サッシュ黒テープ,ブツ,除去不良,その他
Nト焼付修正,サッシュ黒テープ,欠品（テープ）,作業者要因,その他
Nト焼付修正,サッシュ黒テープ,折り返し,作業者要因,その他
Nト焼付修正,サッシュ黒テープ,段差・位置ズレ,作業者要因,その他
Nト焼付修正,シーラー,さわり,作業者要因,シーラー不良
Nト焼付修正,シーラー,さわり,設備要因,シーラー不良
Nト焼付修正,シーラー,位置ずれ,作業者要因,シーラー不良
Nト焼付修正,シーラー,位置ずれ,設備要因,シーラー不良
Nト焼付修正,シーラー,形状不良,エア膨れ,シーラー不良
Nト焼付修正,シーラー,形状不良,作業者要因,シーラー不良
Nト焼付修正,シーラー,形状不良,仕上げ不良,シーラー不良
Nト焼付修正,シーラー,形状不良,触り,シーラー不良
Nト焼付修正,シーラー,形状不良,設備要因,シーラー不良
Nト焼付修正,シーラー,仕上げ不良,是正,シーラー不良
Nト焼付修正,シーラー,仕上げ不良,設備要因,シーラー不良
Nト焼付修正,シーラー,水漏れ,作業者要因,シーラー不良
Nト焼付修正,シーラー,切れ・穴,作業者要因,シーラー不良
Nト焼付修正,シーラー,切れ・穴,是正,シーラー不良
Nト焼付修正,シーラー,切れ・穴,設備要因,シーラー不良
Nト焼付修正,シーラー,付着,作業者要因,シーラー不良
Nト焼付修正,シーラー,付着,是正,シーラー不良
Nト焼付修正,シーラー,付着,設備要因,シーラー不良
Nト焼付修正,シーラー,膨れ,エア膨れ,シーラー不良
Nト焼付修正,シーラー,膨れ,作業者要因,シーラー不良
Nト焼付修正,シーラー,膨れ,是正,シーラー不良
Nト焼付修正,シーラー,膨れ,設備要因,シーラー不良
Nト焼付修正,シーラー,未塗布,作業者要因,シーラー不良
Nト焼付修正,シーラー,未塗布,設備要因,シーラー不良
Nト焼付修正,ドレンキャップ取付け,取付け不良,ズレ・外れ,その他
Nト焼付修正,ドレンキャップ取付け,取付け不良,欠品,その他
Nト焼付修正,ホイールハウス黒塗装,かぶり,設備異常,その他
Nト焼付修正,ホイールハウス黒塗装,かぶり,設備要因,その他
Nト焼付修正,ルーフモールクリップ取付,位置ずれ,作業要因,その他
Nト焼付修正,ルーフモールクリップ取付,欠品,作業忘れ,その他
Nト焼付修正,完成課,組付けキズ,完成課責任,-
Nト焼付修正,完成課,組付け凹凸,完成課責任,-
Nト焼付修正,検査・修正,かぶり,作業者要因,修正不良
Nト焼付修正,検査・修正,キズ,作業者要因,キズ （触り・当り）
Nト焼付修正,検査・修正,コンパウンドﾞ付,作業者要因,修正不良
Nト焼付修正,検査・修正,テープorストロー付,作業者要因,修正不良
Nト焼付修正,検査・修正,ブツ除去不足,作業者要因,修正不良
Nト焼付修正,検査・修正,ポリッシング忘れ・不足,作業者要因,修正不良
Nト焼付修正,検査・修正,凹凸,作業者要因,修正不良
Nト焼付修正,検査・修正,見逃し・修正忘れ,作業者要因,修正不良
Nト焼付修正,検査・修正,治具キズ,作業者要因,修正不良
Nト焼付修正,検査・修正,焼付け不良,オーバーベイク,修正不良
Nト焼付修正,検査・修正,焼付け不良,焼き甘,修正不良
Nト焼付修正,検査・修正,色目違い,作業者要因,修正不良
Nト焼付修正,検査・修正,白ボケ,作業者要因,修正不良
Nト焼付修正,検査・修正,磨きスケ,作業者要因,修正不良
Nト焼付修正,車体課,バリorスパッタ,スパッタ,その他
Nト焼付修正,車体課,ヘミング不良,車体課・プレス責任,その他
Nト焼付修正,車体課,凹凸,ゴミ押し凹,その他
Nト焼付修正,車体課,凹凸,特定できず,その他
Nト焼付修正,修正,かぶり,作業者要因,修正不良
Nト焼付修正,修正,キズ,作業者要因,キズ （触り・当り）
Nト焼付修正,修正,コンパウンド焼付,作業者要因,修正不良
Nト焼付修正,修正,コンパウンド付,作業者要因,修正不良
Nト焼付修正,修正,テープorストロー付,作業者要因,修正不良
Nト焼付修正,修正,バフ不足,作業者要因,修正不良
Nト焼付修正,修正,バフ粉,作業者要因,修正不良
Nト焼付修正,修正,バフ粉,是正,修正不良
Nト焼付修正,修正,バフ忘れ,作業者要因,修正不良
Nト焼付修正,修正,ブツ除去不足,作業者要因,修正不良
Nト焼付修正,修正,ラッカー修正不良,作業者要因,修正不良
Nト焼付修正,修正,凹凸,作業者要因,修正不良
Nト焼付修正,修正,治具キズ,作業者要因,キズ （触り・当り）
Nト焼付修正,修正,修正忘れ,作業者要因,修正不良
Nト焼付修正,修正,焼付け不良,オーバーベイク,修正不良
Nト焼付修正,修正,焼付け不良,仕上げ不良,修正不良
Nト焼付修正,修正,焼付け不良,焼き甘,修正不良
Nト焼付修正,修正,色目違い,作業者要因,修正不良
Nト焼付修正,修正,水跡,作業者要因,修正不良
Nト焼付修正,修正,白ボケ,作業者要因,修正不良
Nト焼付修正,修正,部品交換不良,作業者要因,修正不良
Nト焼付修正,修正,磨きスケ,作業者要因,修正不良
Nト焼付修正,上塗り,IDラベル不具合,ブツ,上塗ブツ
Nト焼付修正,上塗り,かぶり,作業者要因,上塗ブツ
Nト焼付修正,上塗り,かぶり,是正,上塗ブツ
Nト焼付修正,上塗り,かぶり,設備要因,上塗ブツ
Nト焼付修正,上塗り,キズ,作業者要因,キズ （触り・当り）
Nト焼付修正,上塗り,ケバ,作業者要因,ケバ （上塗・中塗）
Nト焼付修正,上塗り,ケバ,設備要因,ケバ （上塗・中塗）
Nト焼付修正,上塗り,ケバ,特定できず,ケバ （上塗・中塗）
Nト焼付修正,上塗り,スジ,拭きスジ,その他
Nト焼付修正,上塗り,スジ,設備要因,その他
Nト焼付修正,上塗り,タマリ,作業者要因,タレ
Nト焼付修正,上塗り,タマリ,是正,タレ
Nト焼付修正,上塗り,タマリ,設備異常,タレ
Nト焼付修正,上塗り,タマリ,設備要因,タレ
Nト焼付修正,上塗り,タレ,作業者要因,タレ
Nト焼付修正,上塗り,タレ,是正,タレ
Nト焼付修正,上塗り,タレ,設備異常,タレ
Nト焼付修正,上塗り,タレ,設備要因,タレ
Nト焼付修正,上塗り,ハジキ,作業者要因,上塗ハジキ
Nト焼付修正,上塗り,ハジキ,是正,上塗ハジキ
Nト焼付修正,上塗り,ハジキ,設備異常,上塗ハジキ
Nト焼付修正,上塗り,ハジキ,設備要因,上塗ハジキ
Nト焼付修正,上塗り,ハジキ,特定できず,上塗ハジキ
Nト焼付修正,上塗り,ブツ,ケバ,ケバ （上塗・中塗）
Nト焼付修正,上塗り,ブツ,異物,上塗ブツ
Nト焼付修正,上塗り,ブツ,異物(虫、ワイプ羽等),虫付着
Nト焼付修正,上塗り,ブツ,是正,上塗ブツ
Nト焼付修正,上塗り,ブツ,設備異常,上塗ブツ
Nト焼付修正,上塗り,ブツ,設備要因,上塗ブツ
Nト焼付修正,上塗り,ブツ,塗料カス,塗料カス
Nト焼付修正,上塗り,ブツ,特定できず,上塗ブツ
Nト焼付修正,上塗り,ワキ,作業者要因,ワキ
Nト焼付修正,上塗り,ワキ,是正,ワキ
Nト焼付修正,上塗り,ワキ,設備異常,ワキ
Nト焼付修正,上塗り,ワキ,設備要因,ワキ
Nト焼付修正,上塗り,黒ブツ,ケバ,ケバ （上塗・中塗）
Nト焼付修正,上塗り,黒ブツ,異物(虫、ワイプ羽等),虫付着
Nト焼付修正,上塗り,黒ブツ,是正,色ブツ （黒ﾌﾞﾂ・白ﾌﾞﾂ）
Nト焼付修正,上塗り,黒ブツ,設備要因,色ブツ （黒ﾌﾞﾂ・白ﾌﾞﾂ）
Nト焼付修正,上塗り,黒ブツ,塗料カス,塗料カス
Nト焼付修正,上塗り,黒ブツ,特定できず,色ブツ （黒ﾌﾞﾂ・白ﾌﾞﾂ）
Nト焼付修正,上塗り,色とび・シンナーとび,作業者要因,トビ （塗料・色・ｼﾝﾅｰ）
Nト焼付修正,上塗り,色とび・シンナーとび,是正,トビ （塗料・色・ｼﾝﾅｰ）
Nト焼付修正,上塗り,色とび・シンナーとび,設備異常,トビ （塗料・色・ｼﾝﾅｰ）
Nト焼付修正,上塗り,色とび・シンナーとび,設備要因,トビ （塗料・色・ｼﾝﾅｰ）
Nト焼付修正,上塗り,色ムラ,作業者要因,変色/色ムラ
Nト焼付修正,上塗り,色ムラ,是正,変色/色ムラ
Nト焼付修正,上塗り,色ムラ,設備異常,変色/色ムラ
Nト焼付修正,上塗り,色ムラ,設備要因,変色/色ムラ
Nト焼付修正,上塗り,色間違い,作業者要因,変色/色ムラ
Nト焼付修正,上塗り,色間違い,設備要因,変色/色ムラ
Nト焼付修正,上塗り,色差ずれ,設備異常,その他
Nト焼付修正,上塗り,色差ずれ,設備要因,その他
Nト焼付修正,上塗り,虫付き,特定できず,虫付着
Nト焼付修正,上塗り,塗り不足,作業者要因,塗不足
Nト焼付修正,上塗り,塗り不足,是正,塗不足
Nト焼付修正,上塗り,塗り不足,設備異常,塗不足
Nト焼付修正,上塗り,塗り不足,設備要因,塗不足
Nト焼付修正,上塗り,塗膜ズレ、ベーパーウォッシュ,特定できず,その他
Nト焼付修正,上塗り,塗料カス,設備要因,塗料カス
Nト焼付修正,上塗り,塗料カス,特定できず,塗料カス
Nト焼付修正,上塗り,肌荒れ,作業者要因,その他
Nト焼付修正,上塗り,肌荒れ,是正,その他
Nト焼付修正,上塗り,肌荒れ,設備異常,その他
Nト焼付修正,上塗り,肌荒れ,設備要因,その他
Nト焼付修正,前処理・電着,２次タレ,見逃し,電着２次タレ
Nト焼付修正,前処理・電着,コンタミ,設備異常,その他
Nト焼付修正,前処理・電着,スジ・模様,特定できず,その他
Nト焼付修正,前処理・電着,タマリ,見逃し,その他
Nト焼付修正,前処理・電着,タマリ,設備異常,その他
Nト焼付修正,前処理・電着,ブツ,異物混入,電着ブツ
Nト焼付修正,前処理・電着,ブツ,沈殿物・凝集物,電着ブツ
Nト焼付修正,前処理・電着,ブツ,鉄紛,鉄粉付着
Nト焼付修正,前処理・電着,ブツ,特定できず,電着ブツ
Nト焼付修正,前処理・電着,異物・カス,特定できず,電着ブツ
Nト焼付修正,前処理・電着,水跡（ウォーターマーク）,設備異常,その他
Nト焼付修正,前処理・電着,鉄粉,設備異常,鉄粉付着
Nト焼付修正,前処理・電着,塗膜凝集,設備異常,その他
Nト焼付修正,前処理・電着,肌荒れ、ざらつき,設備異常,その他
Nト焼付修正,送付,治具キズ・取付け外し忘れ,作業者要因,キズ （触り・当り）
Nト焼付修正,送付,治具キズ・取付け外し忘れ,是正,キズ （触り・当り）
Nト焼付修正,送付,部品取付不良（キズ含む）,作業者要因,その他
Nト焼付修正,中塗り,タマリ,設備要因,タレ
Nト焼付修正,中塗り,タレ,作業者要因,タレ
Nト焼付修正,中塗り,タレ,設備異常,タレ
Nト焼付修正,中塗り,タレ,設備要因,タレ
Nト焼付修正,中塗り,ハジキ,設備要因,中塗ハジキ
Nト焼付修正,中塗り,ブツ,設備要因,中塗ブツ
Nト焼付修正,中塗り,ブツ,特定できず,中塗ブツ
Nト焼付修正,中塗り,ワキ,設備要因,ワキ
Nト焼付修正,中塗り,色とび・シンナーとび,作業者要因,トビ （塗料・色・ｼﾝﾅｰ）
Nト焼付修正,中塗り,色とび・シンナーとび,設備要因,トビ （塗料・色・ｼﾝﾅｰ）
Nト焼付修正,中塗り,塗り不足,作業者要因,塗不足
Nト焼付修正,中塗り修正,ハジキ,特定できず,中塗ハジキ
Nト焼付修正,中塗り修正,ブツ,研ぎカス,研ぎカス/汁
Nト焼付修正,中塗り修正,ブツ,拭き取り不足,中塗ブツ
Nト焼付修正,中塗り修正,ブツ,特定できず,中塗ブツ
Nト焼付修正,中塗り修正,下地不良,研ぎスケ,研ぎスケ
Nト焼付修正,中塗り修正,下地不良,研ぎ凹,下地不良
Nト焼付修正,中塗り修正,下地不良,研ぎ不良,下地不良
Nト焼付修正,中塗り修正,研ぎカス/粉,作業者要因,研ぎカス/汁
Nト焼付修正,中塗り修正,研ぎ不良,作業者要因,下地不良
Nト焼付修正,電着修正,ウォーターマーク,見逃し,その他
Nト焼付修正,電着修正,ブツ,研ぎカス,研ぎカス/汁
Nト焼付修正,電着修正,ブツ,拭き取り不足,電着ブツ
Nト焼付修正,電着修正,ブツ,鉄紛,鉄粉付着
Nト焼付修正,電着修正,ブツ,特定できず,電着ブツ
Nト焼付修正,電着修正,リテーナー外れ,作業者要因,その他
Nト焼付修正,電着修正,リテーナー外れ,治具要因,その他
Nト焼付修正,電着修正,下地不良,研ぎスケ,下地不良
Nト焼付修正,電着修正,下地不良,研ぎ凹,下地不良
Nト焼付修正,電着修正,下地不良,研ぎ跡,下地不良
Nト焼付修正,電着修正,下地不良,研ぎ不良,下地不良
Nト焼付修正,電着修正,下地不良,特定できず,下地不良
Nト焼付修正,電着修正,研ぎカス/粉,作業者要因,研ぎカス/汁
Nト焼付修正,電着修正,研ぎスケ,作業者要因,下地不良
Nト焼付修正,電着修正,研ぎ凹,作業者要因,下地不良
Nト焼付修正,電着修正,研ぎ汁,作業者要因,研ぎカス/汁
Nト焼付修正,電着修正,研ぎ不良,作業者要因,下地不良
Nト焼付修正,電着修正,研ぎ不良,是正,下地不良
Nト焼付修正,電着修正,電着２次タレ,研ぎ跡,下地不良
Nト焼付修正,電着修正,電着２次タレ,研ぎ不足,下地不良
Nト焼付修正,電着修正,電着２次タレ,見逃し,電着２次タレ
Nト焼付修正,入れ込み,凹凸、キズ,治具当たり,キズ （触り・当り）
Nト焼付修正,入れ込み,凹凸、キズ,治具当たり,当りキズ
